Job ID,Title,Company,Work Location,Work Style,About Job,Experience required,Skills required,HR Name,HR Link,Resume,Re-posted,Date Posted,Date Applied,Job Link,External Job link,Questions Found,Connect Request
4195706250,Validation Engineer,Validation Associates LL,lidation Associates LL,lidation Associates LL,"About the job
Validation Associates is the perfect place for you to come to explore what Life Science has to offer. We are looking for people like you to help us continue to thrive. We offer the best in the industry compensation package, work-life balance, and enriching experience working with Fortune 500 companies, all across the US. Explore the science-rich and rewarding working experience at Validation Associates today.
Validation Associates LLC is starting new job-oriented free training sessions for OPT / CPT candidates.",0,Needs an AI,Nikita Rawat,https://www.linkedin.com/in/nikita-rawat-6358a6224,Previous resume,False,Unknown,2025-04-19 09:55:22.938538,https://www.linkedin.com/jobs/view/4195706250,Easy Applied,"{('how many years of work experience do you have with biotechnology?', '0', 'text', ''), ('Are you willing to undergo a background check, in accordance with local law/regulations? [  ""Yes""<Yes>, ""No""<No>, ]', '""Yes""<Yes>', 'radio', '""Yes""<Yes>'), ('how many years of work experience do you have with science?', '0', 'text', ''), ('Phone country code [ ""List of phone country codes"" ]', 'Yes', 'select', 'United States (+1)'), ('Email address [  ""Select an option"", ""leopoldbrown@arizona.edu"", ]', 'Yes', 'select', 'leopoldbrown@arizona.edu'), ('mobile phone number', '9282255257', 'text', '9282255257'), ('Are you comfortable commuting to this job\'s location? [  ""Yes""<Yes>, ""No""<No>, ]', 'Yes', 'radio', None), ('Have you completed the following level of education: Bachelor\'s Degree? [  ""Yes""<Yes>, ""No""<No>, ]', '""Yes""<Yes>', 'radio', '""Yes""<Yes>'), ('how many years of work experience do you have with medical devices?', '0', 'text', '')}",In Development
4206200498,Fanuc Programmer,IAR Grou,R Grou,R Grou,"About the job
Company Description
 IAR Group is an international leader in industrial automation and robotics, with a focus on engineering excellence and innovation. From custom assembly machinery to cutting-edge robotics, our experts design and engineer automation solutions to improve manufacturing efficiency and strengthen market position. With strategic business units across North America, Iberia, and Central Europe, we provide tailored automation solutions for diverse markets.
 Role Description
 This is a full-time Fanuc Programmer role located on-site in Huntley, IL. The Fanuc Programmer will be responsible for programming and operating Fanuc robots for industrial automation purposes, ensuring smooth operation and efficiency in manufacturing processes.
 Qualifications
  Programming and Object-Oriented Programming (OOP) skills
Experience in Software Development and Back-End Web Development
Degree in Computer Science or related field
Attention to detail and problem-solving skills
Ability to work independently and collaboratively in a team setting
Experience with Fanuc robots is a plus",0,Needs an AI,Unknown,Unknown,Previous resume,False,Unknown,2025-04-19 09:55:37.626362,https://www.linkedin.com/jobs/view/4206200498,Easy Applied,"{('Are you comfortable working in a hybrid setting? [  ""Yes""<Yes>, ""No""<No>, ]', 'Yes', 'radio', None), ('Are you willing to undergo a background check, in accordance with local law/regulations? [  ""Yes""<Yes>, ""No""<No>, ]', '""Yes""<Yes>', 'radio', '""Yes""<Yes>'), ('Phone country code [ ""List of phone country codes"" ]', 'Yes', 'select', 'United States (+1)'), ('Email address [  ""Select an option"", ""leopoldbrown@arizona.edu"", ]', 'Yes', 'select', 'leopoldbrown@arizona.edu'), ('mobile phone number', '9282255257', 'text', '9282255257'), ('Do you have a valid driver\'s license? [  ""Yes""<Yes>, ""No""<No>, ]', '""Yes""<Yes>', 'radio', '""Yes""<Yes>'), ('Are you comfortable commuting to this job\'s location? [  ""Yes""<Yes>, ""No""<No>, ]', 'Yes', 'radio', None), ('Have you completed the following level of education: Bachelor\'s Degree? [  ""Yes""<Yes>, ""No""<No>, ]', '""Yes""<Yes>', 'radio', '""Yes""<Yes>')}",In Development
4191448950,Technical Support,Akkodi,kodi,kodi,"About the job
Akkodis is partnering with a leading supplier of integrated systems and products to industries ranging from marine to recreational vehicle and beyond. They are aiming to hire a tech support specialist on a hybrid, contract basis.

Education and Experience Requirements:
1 year of experience in Marine Electronics, Boating Accessory installations, or RV electrical installations required
ABYC, NMEA, or MEI certification a plus
Prior experience in consumer technical support highly recommended
FCC License is a plus
Experience in a receiving, warehouse, and/or inventory control distribution
Practical experience and knowledge of AC and DC marine and RV electrical (wiring, wire termination, basic circuit analyze, use of DVM)
Practical computer application literacy (including Microsoft Office Suite, ERP System, and ability to learn internal systems)

Skill Requirements:
Proven troubleshooting skills and experience/ability to work through conflict and use effective problem solving techniques.
Problem solving and analysis; interpersonal relations; verbal and written communications; organization
Proven ability to read and interpret documents such as safety rules, schematics, operation and maintenance manuals in English
Team player with good organizational skill and time management.
Excellent presentation skills (writing, speaking & telephone)
Excellent organizational, oral, and written communication skills to effectively communicate with the team and customers
A positive, can-do attitude
Teamwork and collaboration-oriented
Professional poise and presence
Determination and bias for action
Personal accountability/ownership mentality
Good judgment, respect for others, and integrity
Strong ability to work with different types of people


Client is not open to C2C partnership at this time.

Interview Process: Likely 2-3 rounds, final on site

Equal Opportunity Employer/Veterans/Disabled

Benefit offerings available for our associates include medical, dental, vision, life insurance, short-term disability, additional voluntary benefits, an EAP program, commuter benefits, and a 401K plan. Our benefit offerings provide employees the flexibility to choose the type of coverage that meets their individual needs. In addition, our associates may be eligible for paid leave including Paid Sick Leave or any other paid leave required by Federal, State, or local law, as well as Holiday pay where applicable. Disclaimer: These benefit offerings do not apply to client-recruited jobs and jobs that are direct hires to a client.

To read our Candidate Privacy Information Statement, which explains how we will use your information, please visit https://www.akkodis.com/en/privacy-policy.

The Company will consider qualified applicants with arrest and conviction records in accordance with federal, state, and local laws and/or security clearance requirements, including, as applicable:
· The California Fair Chance Act
· Los Angeles City Fair Chance Ordinance
· Los Angeles County Fair Chance Ordinance for Employers
· San Francisco Fair Chance Ordinance",Unknown,Needs an AI,Rachael Watkins ,https://www.linkedin.com/in/rachael-watkins,Previous resume,False,Unknown,2025-04-19 11:36:06.914679,https://www.linkedin.com/jobs/view/4191448950,Easy Applied,"{('mobile phone number', '9282255257', 'text', '9282255257'), ('Are you legally authorized to work in the United States? [  ""Yes""<Yes>, ""No""<No>, ]', '""Yes""<Yes>', 'radio', '""Yes""<Yes>'), ('Email address [  ""Select an option"", ""leopoldbrown@arizona.edu"", ]', 'Yes', 'select', 'leopoldbrown@arizona.edu'), ('Phone country code [ ""List of phone country codes"" ]', 'Yes', 'select', 'United States (+1)'), ('Will you now, or in the future, require sponsorship for employment visa status (e.g. H-1B visa status)? [  ""Yes""<Yes>, ""No""<No>, ]', '""No""<No>', 'radio', '""No""<No>'), ('how many years of experience do you currently have with marine electronics, boating accessory installations, or rv electrical installations?', '0', 'text', '')}",In Development
4206541698,Desktop Support Specialist,SISL Globa,SL Globa,SL Globa,"About the job
Key Responsibilities:
· Provide second-level technical support for desktop/laptop hardware, software, and peripheral
issues.
· Diagnose and resolve advanced technical issues escalated from the L1 support team.
· Install, configure, and maintain operating systems, software applications, and system updates.
· Perform root cause analysis to identify recurring technical problems and develop solutions.
· Excellent in troubleshooting break/fix issues of windows and mac computers
· Assist with network connectivity issues, including LAN/WAN, Wi-Fi, and VPN.
· Collaborate with IT team members on projects, upgrades, and implementations.
· Maintain accurate records of work performed, issues, and resolutions using the company's
ticketing system.
· Provide remote support and troubleshooting for users working from home or in the field.
· Train and mentor junior support technicians as needed.
· Ensure compliance with IT policies, security protocols, and best practices.
· Perform routine maintenance and inspections to ensure optimal performance of equipment
· Build and maintain strong relationships with end users and ensure user satisfaction
Qualifications:
· Associate's or bachelor’s degree in information technology, Computer Science, or related
field, or equivalent work experience.
· 2-4 years of experience in a desktop support or similar role.
· Strong knowledge of Windows and Mac operating systems.
· Proficiency with Microsoft Office Suite and other common software applications.
· Experience with Active Directory, group policies, and user account management.
· Familiarity with remote desktop tools and support software.
· Excellent problem-solving and analytical skills.
· Strong communication and interpersonal skills.
· Ability to work independently and as part of a team.
· Relevant certifications such as CompTIA A+, Network+, or Microsoft Certified Desktop Support
Technician (MCDST) are a plus",Unknown,Needs an AI,Sharin Samuel ,https://www.linkedin.com/in/sharin-samuel-449569320,Previous resume,False,Unknown,2025-04-19 11:38:50.899777,https://www.linkedin.com/jobs/view/4206541698,Easy Applied,"{('Are you comfortable working in an onsite setting? [  ""Yes""<Yes>, ""No""<No>, ]', '""Yes""<Yes>', 'radio', '""Yes""<Yes>'), ('mobile phone number', '9282255257', 'text', '9282255257'), ('Email address [  ""Select an option"", ""leopoldbrown@arizona.edu"", ]', 'Yes', 'select', 'leopoldbrown@arizona.edu'), ('Will you now, or in the future, require sponsorship for employment visa status (e.g. H-1B visa status)? [  ""Yes""<Yes>, ""No""<No>, ]', '""No""<No>', 'radio', '""No""<No>'), ('Are you legally authorized to work in the United States? [  ""Yes""<Yes>, ""No""<No>, ]', '""Yes""<Yes>', 'radio', '""Yes""<Yes>'), ('Phone country code [ ""List of phone country codes"" ]', 'Yes', 'select', 'United States (+1)'), ('how many years of work experience do you have with desktop computers?', '2', 'text', ''), ('how many years of work experience do you have with computer repair?', '2', 'text', ''), ('how many years of work experience do you have with active directory?', '0', 'text', '')}",In Development
4186771029,Information Technology Desktop Support,Total Network Solution,tal Network Solution,tal Network Solution,"About the job
Company Description
Total Network Solutions has provided IT services for small and medium-sized businesses since 1998. The company provides affordable and well-managed technology services, including IT Infrastructure, managed IT, and Cybersecurity Services.

Role Description
This is a full-time on-site role for an Information Technology Desktop Support Specialist for a large client located in Charleston, South Carolina. The role involves day-to-day tasks such as end users and desktop administration, troubleshooting, and providing excellent customer service.

Key Responsibilities 
Provide Level 1 and Level 2 support for end-users, including troubleshooting hardware, software, and network issues.
Support and manage Microsoft 365 applications, including Outlook, Teams, OneDrive, SharePoint, and Office Suite.
Respond to and resolve helpdesk tickets in a timely and efficient manner.
Install, configure, and maintain computer hardware, peripherals, and operating systems.
Assist with user account management in Active Directory and Microsoft 365.
Provide remote and on-site support to employees as needed.
Set up and troubleshoot printers, mobile devices, and VoIP phones.
Assist in basic network troubleshooting, including connectivity issues, VPN, and Wi-Fi setups.
Document and maintain accurate records of issues, solutions, and IT assets.
Assist with software installations, updates, and patch management.
Educate end-users on best IT practices and security awareness.
Collaborate with the IT team to escalate and resolve complex technical issues.

Technical Skills & Experience
1-3 years of experience in an IT support role (helpdesk or desktop support).
Strong knowledge of Microsoft 365 administration (Exchange, Teams, OneDrive, SharePoint).
Familiarity with Windows 10/11 operating systems; Mac OS knowledge is a plus.
Basic experience with Active Directory, user permissions, and group policies.
Understanding of network fundamentals (DNS, DHCP, TCP/IP, VPNs, Wi-Fi).
Experience with ticketing systems for tracking and resolving IT issues.
Familiarity with antivirus and endpoint security solutions.
Experience with remote support tools such as NinjaRMM, Autotask, Avanan, Mimecast, Cynet.

Soft Skills
Excellent communication and customer service skills.
Strong problem-solving and analytical abilities.
Ability to multi-task and prioritize in a fast-paced environment.
Team player with a willingness to learn and take on new challenges.
Ability to explain technical concepts to non-technical users.

Preferred Qualifications
CompTIA A+ or Microsoft 365 certifications (MCP, MS-900, etc.).
Experience with IT asset management tools.
Knowledge of basic scripting (PowerShell, Bash) is a plus.
Experience supporting cloud-based applications and SaaS platforms.

Work Environment & Physical Requirements
Office-based role between the customer's six local sites.
Ability to lift and move IT equipment (up to 50 lbs).
May require occasional travel to support remote offices.

Benefits & Perks
Competitive salary based on experience.
Health, dental, and vision insurance.
401(k) with company-matched.
Paid time off (PTO) and holidays.
Professional development and certification reimbursement.
Friendly and collaborative team environment.",Error in extraction,Needs an AI,Unknown,Unknown,Previous resume,False,Unknown,2025-04-21 11:21:27.765356,https://www.linkedin.com/jobs/view/4186771029,Easy Applied,"{('Email address [  ""Select an option"", ""leopoldbrown@arizona.edu"", ]', 'Yes', 'select', 'leopoldbrown@arizona.edu'), ('Phone country code [ ""List of phone country codes"" ]', 'Yes', 'select', 'United States (+1)'), ('Are you comfortable working in an onsite setting? [  ""Yes""<Yes>, ""No""<No>, ]', '""Yes""<Yes>', 'radio', '""Yes""<Yes>'), ('Do you live within 30 miles of Charleston, South Carolina? This position requires that the candidate be onsite Monday-Friday.  [  ""Select an option"", ""Yes"", ""No"", ]', 'Yes', 'select', 'Select an option'), ('mobile phone number', '9282255257', 'text', '9282255257'), ('Are you willing to undergo a background check, in accordance with local law/regulations? [  ""Yes""<Yes>, ""No""<No>, ]', '""Yes""<Yes>', 'radio', '""Yes""<Yes>'), ('Are you comfortable commuting to this job\'s location? [  ""Yes""<Yes>, ""No""<No>, ]', 'Yes', 'radio', None)}",In Development
4205971602,Information Technology Specialist,Mississippi Silicon,ssissippi Silicon,ssissippi Silicon,"About the job
Company Description
Mississippi Silicon is the first domestic manufacturer of raw silicon metal in the past 40 years, producing approximately 10% of all silicon metal used in the United States. The facility directly competes with similar plants around the world and sells silicon metal to various consumer, industrial, and commercial markets worldwide.

Role Description
This is a full-time on-site role as an Information Technology Specialist located in Burnsville, MS at Mississippi Silicon. The Information Technology Specialist will be responsible for network administration, troubleshooting, network security, and providing customer service support in the IT department.

Qualifications
Network Administration and Information Technology skills
Troubleshooting skills
Network Security knowledge
Customer Service experience
Excellent problem-solving abilities
Strong communication and interpersonal skills
Ability to work well in a team environment
Relevant certifications (e.g., CompTIA Network+, Cisco CCNA) are a plus
Security Camera knowledge",Error in extraction,Needs an AI,Unknown,Unknown,Previous resume,False,Unknown,2025-04-21 11:22:03.645526,https://www.linkedin.com/jobs/view/4205971602,Easy Applied,"{('Email address [  ""Select an option"", ""leopoldbrown@arizona.edu"", ]', 'Yes', 'select', 'leopoldbrown@arizona.edu'), ('Have you completed the following level of education: Associate\'s Degree? [  ""Yes""<Yes>, ""No""<No>, ]', 'Yes', 'radio', None), ('Phone country code [ ""List of phone country codes"" ]', 'Yes', 'select', 'United States (+1)'), ('Do you have the following license or certification: CompTIA Network+? [  ""Yes""<Yes>, ""No""<No>, ]', 'Yes', 'radio', None), ('Are you willing to take a drug test, in accordance with local law/regulations? [  ""Yes""<Yes>, ""No""<No>, ]', 'Yes', 'radio', None), ('mobile phone number', '9282255257', 'text', '9282255257'), ('Are you willing to undergo a background check, in accordance with local law/regulations? [  ""Yes""<Yes>, ""No""<No>, ]', '""Yes""<Yes>', 'radio', '""Yes""<Yes>'), ('how many years of work experience do you have with information technology?', '3', 'text', '')}",In Development
